,nl_rqa mean diag length,kurtosis_amp_theta,lt_delta,envelope_mean_alpha,nl_correlation dim,kurtosis_amp_alpha,mod_index_theta-gamma,nl_rqa rte,nl_higuchi fractal dim,acw50,envelope_std_beta,wt_delta,mod_index_theta-beta,spec_ent_beta,wt_beta,spec_ent_delta,nl_lyapunov exponent,nl_katz fractal dim,mod_index_theta-alpha,total_power_theta,skewness_amp_theta,mod_index_alpha-beta,nl_rqa determinism,rel_amp_gamma,skewness_amp_gamma,spec_ent_gamma,nl_rqa laminarity,acw0,envelope_mean_beta,total_power_beta,kurtosis_amp_beta,spec_ent_theta,kurtosis_amp_gamma,wt_alpha,spec_ent_alpha,wt_theta,rel_amp_theta,envelope_std_theta,rel_amp_beta,total_power_alpha,skewness_amp_alpha,skewness_amp_beta,nl_hjorth mobility,lt_alpha,skewness_amp_delta,envelope_std_gamma,wt_gamma,lt_theta,nl_rqa trapping time,kurtosis_amp_delta,envelope_mean_gamma,nl_lzc primitive,envelope_mean_delta,mod_index_beta-gamma,rel_amp_delta,envelope_std_delta,range_assym_alpha,nl_lzc exhaustive,envelope_std_alpha,mod_index_alpha-gamma,nl_approximate ent,nl_hjorth complexity,nl_rqa entropy,nl_permutation ent,rel_amp_alpha,nl_sampling ent,total_power_gamma,envelope_mean_theta,lt_beta,nl_hjorth activity,lt_gamma,coh_global-eff_theta,nl_rqa max vertical line,total_power_delta,range_cv_alpha,wpli_betw-cent_beta,plv_betw-cent_theta,range_assym_gamma,coh_ns_beta,coh_ns_alpha,1f_slope,wpli_betw-cent_theta,wpli_betw-cent_alpha,range_cv_beta,plv_ns_beta,osc_theta,1f_offset,fei_alpha,plv_ns_alpha,wpli_global-eff_alpha,coh_clust-coef_beta,plv_global-eff_beta,coh_betw-cent_beta,coh_local-eff_theta,plv_local-eff_beta,coh_betw-cent_theta,coh_local-eff_alpha,plv_clust-coef_alpha,coh_global-eff_alpha,dfa_delta,wpli_ns_alpha,plv_local-eff_theta,wpli_local-eff_beta,dfa_theta,plv_clust-coef_theta,wpli_ns_beta,plv_betw-cent_beta,range_cv_delta,coh_ns_theta,plv_global-eff_theta,wpli_global-eff_theta,fei_gamma,range_assym_delta,wpli_ns_theta,range_assym_beta,iapf,fei_delta,wpli_local-eff_alpha,fei_beta,fei_theta,coh_betw-cent_alpha,iapw,wpli_clust-coef_beta,coh_local-eff_beta,wpli_local-eff_theta,coh_clust-coef_alpha,osc_alpha,plv_clust-coef_beta,plv_global-eff_alpha,range_assym_theta,osc_gamma,wpli_global-eff_beta,osc_beta,coh_clust-coef_theta,wpli_clust-coef_theta,iapp,dfa_gamma,plv_ns_theta,plv_betw-cent_alpha,plv_local-eff_alpha,coh_global-eff_beta,dfa_alpha,range_cv_gamma,wpli_clust-coef_alpha,range_cv_theta,osc_delta,dfa_beta
PC1,0.07755219297699684,0.031628763628106016,-0.02748839240052536,0.1510707304717493,-0.01525930235924483,-0.12293967767755726,-0.12726814440740114,0.03331703593185492,0.08101009388267252,-0.05619253205746936,0.08816859934349569,-0.018270097883902384,-0.1265222022887316,-0.0962971460114719,0.05070580353806795,-0.14582784099552779,0.12010114582442906,0.13320164021136474,-0.15360314671039815,0.10916229252916916,-0.1068003367690091,0.06225264804028633,0.08111964012266036,-0.11218114870657762,0.04294689822659145,-0.11958683081208393,0.04924920169806323,-0.13163057812610923,0.08854363518684683,0.08854383231358733,-0.039352724252664145,-0.03960337811423564,0.00400838947888181,0.13767363591368845,0.15664161096301168,0.07527946765375719,-0.026470210513004994,0.11123307811181962,-0.08729233859522254,0.15107093470356986,-0.08076540229014063,0.03141730771662978,-0.032330646243961494,0.12212703247154856,0.008067247829955354,0.015638079850803635,0.03988901475620283,0.07282541897556345,-0.05198874435719474,0.04298928929068431,0.015454578928234663,-0.05732956902874052,0.03952251804888109,0.0012966999841493335,-0.13590081970573634,0.03748738882305061,-0.1138735602714101,-0.03418555604966507,0.15099024626964427,0.029898236829532552,0.06306646318165303,-0.06157031803001033,0.08517525752048799,-0.16009801249682878,0.16338423789208828,-0.07753689259260321,0.015454613152316094,0.10916208103079851,0.04454966555961589,0.07613763517414916,0.04428283694407981,0.010811747377161621,-0.05025123695319156,0.03803675537406367,-0.02215089569873611,-0.01400799662848524,-0.026571889666964974,-0.0015885115420790573,0.05189455478699754,0.12489172547335395,0.06178376653739583,-0.021636157172280453,-0.09034132243420145,-0.010291681306714881,0.041735448769184565,0.10804881184005671,0.09502035852596595,0.1174372430742658,0.1514407225440469,0.14133699132263047,-0.006687615716077772,0.030467058005217387,-0.013842342580792262,0.013823225214149111,0.03985650230264987,-0.013383817548883901,0.11569214731094803,0.1510032157859742,0.12615934556205352,-0.004199061994311492,0.13114912873125456,0.03167494836335588,0.0440958671830481,0.09150519241365775,0.03294140435579536,0.05351868645229464,-0.036140005061954715,0.01481057952688068,0.04501102714156562,0.02847617551247471,0.05250348437291827,0.014268771130588343,0.010981163093532604,0.05894154409670007,-0.05548791693074945,-0.06760389346655812,0.00046852760613575004,0.13631880132437385,0.057645650197828566,0.01094903070561075,-0.07657287195986079,-0.007184950061065776,0.05299316026782605,-0.005171322677907936,0.05137271029916673,0.11475442404225303,0.15708723651402515,0.04170543559015006,0.15003886621193768,0.02394116509081336,-0.0024661099424606644,0.04904954622745225,0.057864611641133996,0.012579243660567875,0.0617132125772745,0.1573160801521809,0.006896853673161348,0.034336876018225534,-0.148370310708708,0.15099315399820198,-0.0053492467561154725,0.0438386124770366,-0.009100237396418192,0.1362509015053082,0.0746523604515741,0.045410073445927554,0.020885336429146382
PC2,-0.17531186760983009,-0.013020034394248146,-0.12494590958449302,-0.010523557306421768,-0.06353203104021972,0.0001330159253143048,-0.035079930513866216,-0.044836508613811714,0.18601121182995706,-0.1422568391238425,0.06253310355952324,-0.1306224153086002,-0.03177711398653149,0.14753684545224643,0.03556037981483067,-0.08896394337649012,0.01202755184544113,0.055603469647324454,-0.01011154167551957,-0.05385401586429286,-0.006462037410995972,-0.04572385417139677,-0.18772540302936705,0.0811011379567248,0.00631250767809551,0.08106747024409398,-0.2135496479147051,-0.07563095754466079,0.06322684912325494,0.0632264295624425,-0.05333361702484575,-0.07267253713573005,-0.058286761565858186,0.0008270894963585233,0.011568776131475424,-0.03538646299064158,-0.07407508921351824,-0.05484696943904381,0.14586942480574458,-0.010524525531490449,-0.05709566081190338,-0.05273418884897419,0.2192678932892819,0.00022907059472164674,-0.08016748532829646,0.06413523235002676,0.02591330035349605,-0.03416210694357718,-0.19779228246247677,-0.014611906451130398,0.06693015732063504,0.20701372142336474,-0.13694635387516021,-0.08938050491140422,-0.12209227216579434,-0.13672914907624026,-0.0066336289254114245,0.21516839933158058,-0.011480627097832189,-0.08443273121973165,-0.19003331908516888,-0.17190134441523144,-0.18042393426335035,0.0434560837555,0.007879732183457952,0.19749598064161933,0.06693022890362674,-0.053849929708919414,0.033311655701792994,-0.09961432304531063,0.03462332022415243,0.0011699196082235325,-0.19344248565275818,-0.1370033061735847,0.0021373945548399643,-0.017992316267321475,-0.026992890005463375,-0.04399113505890886,0.07400962337239236,0.004800733335059611,-0.12830443515057702,0.027472456486800825,-0.017116580748319208,-0.02715216772625148,0.10612654391340613,-0.04404050871436259,-0.11510683272715162,0.02399859621990079,0.02822832208482138,0.024450257329775103,0.012227454150198708,0.12000882783530352,0.007708186706643979,-0.00930299873323727,0.10394806091164975,0.04517880661576034,0.0029893129291263584,0.027121061816475903,0.019181746592650782,-0.10369059563214919,0.01946540277006363,0.03772778418500349,0.04131533998768229,-0.035448808537473606,0.03392702483600008,0.08516928933981971,-0.08977860188107595,-0.10094077174201367,-0.023075602885636686,0.053857835178808725,0.001192072240211714,0.04936233785846145,-0.10512311645041236,-0.014431332653999408,-0.06228199137642826,0.020837865715874124,0.06973713845433266,0.022405274149401733,0.07558815335209404,0.015793212598470736,-0.00804808096345539,-0.012504640580038726,0.0619135005884324,0.011828102967311143,-0.015862985112227442,0.003589770937697159,0.009981104746467847,0.10141316289226096,0.03091890490058078,-0.01191370464605513,0.05901351565587543,0.05566267857041985,0.0846080736868981,-0.009529135268002819,-0.006914407186525872,-0.0004767303391724773,-0.03903112070126116,0.03965693626620704,-0.02048877613508495,0.028008140542874104,0.019083951454503922,0.005765547881939026,-0.04778576267922791,0.03007736433232493,-0.024157790848480885,-0.01646759076793515,-0.002797316749499535
PC3,-0.05803030013863915,-0.06893847872563973,-0.13057841720043925,0.02332250240000828,0.07773724918630899,-0.05817325293786676,-0.07564421808082218,0.1094724371823591,0.02754732800893215,-0.07225770704777526,-0.06208744425524567,-0.13445845235564977,-0.06762242686636559,-0.06690408609018615,-0.04730382009374277,-0.0031688469128663263,0.11984617385747415,-0.027358563264006704,-0.05811131110452747,0.06895799908437494,-0.09665151088701877,0.014985117699864343,-0.02310791749326561,-0.030398179250113275,-0.01288780509387603,-0.031262466981267875,0.010711465882832756,-0.03873302245176792,-0.05990253751496119,-0.059902200886761625,-0.045041917616741145,0.11431741786736055,-0.02397448456827548,-0.01226398539632757,0.04663007255227307,0.05885457254137677,0.11411694113444937,0.06564965596825288,-0.06725478630064373,0.0233230482666238,0.009840554511847645,0.006677715665263474,-0.01548581584397928,-0.018455175634026717,-0.0814532068810117,-0.0787311821800511,-0.04908105161699792,0.06088981138966708,-0.07624901460734426,-0.008150951390675685,-0.07765419206308254,0.0070245933860461325,-0.09574270981315491,-0.004846867335758014,-0.03631387024183332,-0.10269878227104147,-0.07543379335904608,0.01643866807060638,0.01886995075334045,0.06329881702799235,0.05208756643377102,-0.07817470289639222,-0.03865671508385362,-0.042981647673343094,0.04296159467412673,0.034755721282763434,-0.0776542139835927,0.06896280882532664,-0.03508781464921577,-0.09850145509851743,-0.036135708246317476,-0.0469576476236051,-0.09003282131443996,-0.09883990819463516,-0.10457944488255597,0.08926481157249237,0.12024100403277489,-0.11700692846080014,-0.14916217000625914,-0.042437631337385553,0.05330590044784649,0.06748428197731916,0.00507999383316732,-0.14511055760907957,-0.1822104643822709,0.09308399673650723,0.007014577144281685,0.07351830830932446,0.002129280190200143,-0.00852732073014895,-0.03898020142689917,-0.16095189718929515,0.1114931330371127,-0.06714039230124377,-0.18560130990395662,0.12248663878267976,-0.05703087616826746,0.0031450559974645484,-0.029890202635943827,-0.1318946450013688,-0.017487678925470908,-0.11524807675316702,-0.17047893973145475,-0.02959784580362848,-0.11641561550307372,-0.14228636780195672,0.18806965112552063,-0.13491550080106718,-0.07447738100689505,-0.09705437618429819,-0.07885943899326035,0.09528790227185559,-0.12693543161705087,-0.06888148267321079,-0.09123629118692916,-0.052308936583471355,0.11033243699259491,-0.026086808401001603,0.08142631489816614,0.11507313059928954,0.010803191924187031,0.027995389739031307,-0.16547950038174422,-0.04123593011190462,-0.1044466515841499,-0.05884584322890348,0.046615243054519535,-0.18694364820463752,0.0011559445613424882,-0.09497957347179097,-0.02528912031412305,-0.1644504949414273,-0.024601579041563997,-0.06747795104149971,-0.08603126755539556,0.02148618247799925,-0.1356928255798893,-0.11415505621412611,0.007745819954704222,0.002483467260310716,-0.030481316277845633,-0.08262847321805525,-0.12024182191567497,-0.015533200295602756,-0.057655569247732054,0.06213419845576451,-0.13429421800332858
PC4,-0.012884366437965937,0.026238229238603368,-0.09575220058452585,0.02721619243290213,-0.006982464634121347,0.11851527284119218,-0.020446165181897395,0.17950826112262522,-0.019620401838852646,-0.0534367155849618,0.12060698061840518,-0.06620269967969582,-0.06157788915720709,0.08969273417769093,0.1625709498347595,0.012736922374811449,0.08499939465449562,0.04912088070634769,0.07167579293084864,0.1299208687698809,-0.05748979005906237,-0.10780221724178467,0.012293607134790184,-0.10411728852450543,0.10332445229764117,-0.10334622487661431,0.03245770715966226,-0.05070657360100619,0.11919089062631832,0.11919095002777728,0.01762594148309718,0.1577897796719021,0.017535361239816492,-0.12802424481896654,-0.045110299492110074,0.11765984676756294,0.15604475378810898,0.13472963935815682,0.09990861244051519,0.027217841466076705,0.12523840290040342,-0.06273321748079329,-0.0021899486529647146,-0.14480937999174373,-0.031621075661566383,-0.0354650346348217,0.04025123877308916,0.11073642235393916,0.012864582429782398,0.053629057572980164,-0.03769986123896308,0.046621214245393124,0.06785955330321768,-0.06057966922791325,-0.0014029685860741314,0.060667874695055225,0.01652191613174193,0.04805156642216902,0.045738439194776555,0.031672414590067755,0.01090193432115364,-0.033053988061388456,-0.006065858745164472,-0.05059356984572629,-0.0682055646384707,-0.020262110343666633,-0.037699829506458185,0.1299156658938343,0.16266115568887518,0.028387326632982733,0.054537143460643,0.01756301400438025,0.0017001077511651379,0.06466880632135077,-0.027045370417426245,0.03482872641846969,-0.09610553703916012,-0.0012361115918414366,-0.005719022559067368,-0.12271350189095995,0.12351546407608899,-0.04205594159703048,0.055444352329566515,0.026773811302297352,0.04589862080922215,0.15679325967726312,0.12696829506276555,-0.04155745497376773,-0.1012209741862493,-0.1263048523864183,0.046320605409733304,0.048149904027435186,0.03274287987096946,0.016647421212621832,0.04267654915042346,-0.05986891298303316,-0.08479177573603798,-0.10672600999300393,-0.08737780787459364,-0.06874315739985755,-0.12175627043343117,0.11761052196444843,0.014201498570167068,0.06877486933777396,0.118003611496508,0.02097102428365841,-0.023182576848999048,-0.038120528915587,0.1305134760067143,0.10684794887054061,0.09937404914738414,0.025627758732766678,-0.045228968695872104,0.12759627149287758,0.003706727462218105,-0.004750698224984073,0.06595653106024266,-0.12297376863309076,0.05261313979571983,0.0059403910646756205,0.055238968604549174,0.17247595309084793,0.023680103994397683,0.04804425599360359,0.09609977541329008,-0.08438847720470204,-0.005139544458085747,0.039944983558363185,-0.09427042647804407,0.018506783142681338,0.11076185696980374,0.01812614287579101,0.16301594802371602,0.017199367251397073,0.10828365383460452,-0.10041774473112253,-0.018422583432418812,0.11878124315495935,0.11139640599763453,-0.10405143865130197,0.04744974253663275,-0.06757829030860414,-0.01303214463235199,-0.11972091674163556,0.06372029009222337,0.20060152096349976,-0.0030456560528054973
PC5,0.06349909315778891,-0.12896949834680768,-0.027062989986653022,-0.0279753697658789,-0.033227521169622284,-0.06465333108194556,0.07553445461767089,-0.004972614455517757,-0.10739480793328537,0.04032976606987907,-0.08362953310052308,-0.035170111409974975,0.07306106488280928,-0.05124760404479295,-0.07487888926299209,0.07476469609408183,-0.029306439823167725,-0.06726702419921356,0.048349614977746945,-0.0364067114281626,0.0575605620049234,0.014248338125787012,0.049018659985456126,-0.012413361376922932,-0.012631007064279455,-0.01043999085416497,0.04275105658770002,0.013405439306526665,-0.07934521304420894,-0.07934483471969121,-0.0721581467850582,0.02587872268903095,-0.037189578750865426,-0.04950114041863621,-0.041189194212950433,-0.09043829561707147,0.022286246989025864,-0.043508562653058906,-0.049988719157207435,-0.027974691845100107,-0.0074406502580281085,0.014450088826679166,-0.06566657165649487,-0.043234098746985264,-0.08020040522001823,-0.043972561073444424,-0.07844126768486423,-0.08309630788942683,0.05391299783045423,-0.09149436035032137,-0.04125933134130597,-0.06306622336911592,0.06192046450918521,-0.030094562466248,0.08991215942263966,0.06034755228868611,-0.07150348910087158,-0.07254687359503903,-0.04473190369293115,-0.03899263737293427,0.02315107571958984,0.09828144799275917,0.04989602390706963,0.0020092848932642925,-0.020043635197274347,-0.03316180787676063,-0.041259388775845965,-0.036409890448273176,-0.05961913292538634,0.05286100325985222,-0.06712771177777953,0.09804003198937869,0.027929995877268837,0.06474473946901536,-0.15392519124441847,-0.014867204378666643,-0.18202912321680534,-0.1465015823909801,0.017604326383884566,0.005672133776290778,0.05195879559200348,-0.02061994803688684,-0.04115000346432617,-0.17358566314450793,0.11503223567341253,-0.06338739877492887,-0.002644200232654594,0.07480866183308435,0.08835852132598038,0.04119372573203626,0.011710644395853701,0.10710608157917596,-0.01164866607316317,0.07228318020291914,0.11329498788180006,-0.024069884585926595,-0.00855927651072295,0.08517661816901911,0.01630453322497482,-0.12114199372269334,0.03703845040338754,0.193693334806435,-0.002085504850718917,-0.17028320748588235,0.1934232934558982,0.03510327834804969,-0.10379287035512821,-0.1496064574770789,0.07039455482230704,0.18370684787488278,0.04009591240766737,0.13298027770525453,-0.13569057249414973,0.07089399599003897,-0.10180732418037887,0.051271163405705256,0.15820203681605025,0.03928058005813504,0.10218372790578538,0.16938445094781468,-0.01361292315201977,-0.04880980224082035,0.026358125538725494,0.007535575997039922,0.03106654140208042,-0.008399283880581856,-0.03215785049330863,0.11100979940165358,0.0966064608014282,-0.16602827371214227,-0.030844780064088646,0.01275803957754228,-0.04647189153382898,0.07707543960771293,0.05554745613488852,-0.028047065571096447,-0.180038982319667,0.19085433423965703,-0.06767902130906561,0.08777679820531428,0.0151922606814775,-0.14000493334003605,-0.1542876961602334,0.05113949972250582,-0.1883115095864305,-0.0336067447212267,-0.15120755146549436
PC6,0.033768173918087084,0.014081593982000111,0.08135461583775022,0.12023575773471241,-0.0038538269780832744,-0.02704845517513678,-0.006145041385435508,-0.11045884026314502,0.014596248187325687,0.05157262626019535,0.18882290369878363,0.07449521431177049,0.022713186852082852,0.012866427935700501,-0.07946390178955828,-0.04525451899821995,-0.09402040101590864,0.1881211708341756,0.00485543329240277,0.09301782387649968,0.027999047906832043,0.023896947129745952,-0.0025799842499148636,0.10723193806525683,-0.05414306509546196,0.09879781231294439,-0.05311126625225779,0.03283864618785615,0.18980981882730233,0.18980913911764832,-0.06362354633746249,-0.07714619626991287,-0.003909460810973346,-0.029097469903495453,-0.007458590963361912,-0.02550613238874663,-0.07052023456715752,0.09732660483509906,0.011168067882385814,0.12023532740616458,-0.03413779320019789,0.05304757739894285,0.044575690033594996,-0.04051538358872215,0.062411461399335524,0.2755748043141434,0.09352297323993418,-0.027884289719291497,0.01454489309953954,0.025588608198032724,0.27541247544404235,0.010586077871620725,0.17420456236637247,0.03424428870005261,-0.012908892284656366,0.17117218091217484,-0.1219073917211997,0.003537323482067171,0.12502414560254507,-0.062148000496493466,-0.05728046584350534,0.043328868398766235,0.015918227682438568,0.02777624171060673,0.0026003125001064897,0.007294619657950467,0.2754124894149604,0.09301231687504315,-0.09047445249528163,0.1635519038314551,0.09679307943345257,-0.027166685185635,0.013773794483374997,0.17212870574752875,-0.12846159572398594,0.025613258687336445,0.015911650889695303,-0.001127070474865112,-0.08649783556278462,-0.08729222027628558,-0.11207095520016888,0.03774605310709894,0.03753978187882199,-0.09702826201838848,-0.00216159547577192,-0.03423055075563077,0.035669290111881906,0.08828619958242966,-0.023933429575998547,-0.06144772967332562,-0.06279845443151696,0.016090222889009194,0.02573320864726831,-0.05014752845123876,-0.0029207692302898485,0.011480068919521629,-0.09768076449575921,-0.027278480505067797,-0.07629812649696902,0.06922434432457077,-0.06457797015436663,-0.014008443623002503,-0.1206189872729295,-0.07738061303963951,-0.01596740861938591,-0.07990811813965187,0.0063196214015288615,0.04690921041068968,-0.031214491164913743,-0.00881471362477359,-0.0706458801233688,0.07449679992812211,0.057780824067731544,-0.04934551082344673,-0.09363795720570303,0.06274260143804063,-0.009371866483224394,-0.07262110123035513,0.09327086736010651,0.09557057004166161,0.05970040142512953,0.012034832187121092,-0.11040655770160317,-0.06269334506441894,-0.05741627179331793,-0.09855119243014648,-0.0033906677051095254,-0.01091070102173289,-0.018465184729071996,-0.08292242266265537,-0.0001568197203158999,-0.11111329322493028,-0.04069678323518175,-0.04862738245218118,-0.060309029518622055,-0.008610704864721777,-0.03353093289877275,-0.010131316640021803,0.03418088432341375,-0.02532217781205719,-0.04704149252971035,-0.11510720541747026,-0.019760707689584142,-0.06263028190140738,-0.06563441506994364,-0.0034467771683925293,-0.0832751269339506
PC7,0.08087190712392645,0.08482123855039882,0.044300503528376854,0.03040133876742304,-0.06149612092374337,0.045414068513251415,0.0579103148897326,-0.026092609042530617,-0.019772020843891257,0.059912402899514876,0.08135735878998854,0.03303586820274924,0.020540356999848703,0.07180851985940052,0.1471029338313663,-0.013018515567774556,0.020365899289926645,0.031486808423766936,0.04352739905438873,-0.10106168305082015,0.13165349491709852,-0.15417321185197647,0.09083332431743862,-0.1582960822752501,0.1322335624665908,-0.15468824354264737,0.052374068110280614,-0.013341856900749164,0.07995927943531053,0.07995985999434124,0.009035316207370034,-0.15962379850196337,0.01387667675336563,0.02584967343429322,0.04299738382927672,-0.1606064550667311,-0.171755093183604,-0.09384427115608449,0.08300159072250177,0.030399002610859684,-0.13612477940303894,0.03869668279755304,-0.03201892616243381,0.02805527337154533,-0.03005211297738717,-0.12586630525848683,0.05374450739159959,-0.15984651228489408,0.028130432818628984,-0.07263001717675971,-0.12705162293850472,-0.046798646095941546,0.03163338216411731,-0.030803377558908142,0.010016344158107102,0.03341019595717334,-0.003739941196974312,-0.03662717284676953,0.03293993802750134,-0.2102970461317165,0.031609274529137706,0.01615899423300432,0.0793703846878543,-0.08522697766235339,0.03379162907471043,-0.08991571900160963,-0.1270515182853122,-0.10106303827761384,0.1273334797604925,0.049871251123611765,0.07940626508945083,0.004047675032351932,0.06520636499504644,0.033348704690773445,0.037102714611281125,0.05156516673424107,0.13912853603626654,-0.08231623858310914,0.08822168129051056,-0.01100804841284737,0.13250682575312042,0.14557175686054072,0.04270809084574335,-0.015229941880174612,0.0015046241437692387,-0.0931677657385305,0.0857555721543095,0.009706841236109813,-0.03630006886378938,-0.01772155168830413,-0.006248532280956151,-0.0015041841392252028,0.08014484822572818,0.005683832827754154,0.0017512148727825557,0.1188730625700777,-0.03535776455025382,-0.03454059459734839,-0.03665135801536927,-0.0611145953657078,-0.02237969365400971,-0.1380669515376437,0.06189508046853309,-0.09410803393536711,-0.13978215903269453,0.11725527474191456,-0.003937834577533761,-0.07428707473079757,-0.12333419025754415,-0.10952740870022394,-0.10746289955426026,0.0956288285699316,-0.06357382937246978,-0.09542427942570364,-0.08335526313746287,0.15540964160559242,0.08990900674234877,-0.02362396660656248,0.11986318468349492,-0.03800038099729567,0.054772879376888066,0.05840658800503465,0.0876443016714676,-0.004855328033723335,-0.10281759958101017,-0.03518224724976115,0.091356656450313,0.009798718669154034,-0.03926179717716359,0.019921637208853954,0.10718374865619026,0.07776318379745428,0.21527915037862344,0.006477883661444977,-0.11316484718429891,0.033878057205295076,-0.08855685918042656,-0.1335618719205711,0.02495154007583225,-0.035847951477269005,0.002362259871848631,0.015687844295144932,-0.0911644226198515,-0.022142887460125875,-0.05406043799337632,0.010019538424519683,0.02878170509501684
PC8,-0.07384973262890628,0.09185890890776192,-0.09997118643008805,0.006941314540320755,0.006929204324012413,0.0559158708213843,0.14650130250918136,0.09514480578718097,-0.018955159900546043,-0.12695621130498086,0.051379995538107105,-0.08590685958614289,0.10729360856946607,-0.08688445977155211,-0.025225463664753676,0.05912709675936337,0.12431380061464474,0.008156086114062934,0.06370381441951353,-0.07922136369764313,0.15948881832720577,-0.04175882119754181,-0.034310104493097536,-0.05568833009151241,-0.007980967255934095,-0.05259391957117703,0.002733422809943293,-0.07617275533600185,0.05425962379306315,0.05426113059028945,-0.04100060319010751,-0.018026386057165215,0.08290713743927904,0.04246184666485949,0.09265609290462183,-0.12949037578480377,-0.035649743166746184,-0.07126068576754502,-0.08857961197926285,0.0069380112557613696,-0.1667140780521877,0.2879550907902161,0.0028830234335713105,0.04503095340069372,-0.07568149154472643,0.001980950801235563,0.06651925856348781,-0.13786703973521472,-0.07766057273799866,0.0011555206913007043,-0.002475602915227354,0.0257408428626576,0.019897005431530508,0.2598653668164046,0.013293055915140779,0.003378864088322282,0.02449089173823421,0.0402221649393622,0.0232229456099257,-0.18239180825589216,0.03747340113299742,-0.0905588499482111,-0.0587224803106072,-0.034879307071647,0.057712189048268955,0.03460015863105697,-0.002475533709949969,-0.07923116492285245,-0.0672900812405511,-0.07174679536089594,0.05540172663678564,-0.06551215354761593,-0.030778956803283106,0.012856096704763604,0.048363772770251466,0.037856327203453825,-0.12155769064678018,0.11122928254585493,-0.09963142860282531,0.012386486031778115,0.058742900846408944,0.01740369394523915,0.016646098873459962,0.09282293671048576,-0.08327909522185474,-0.08508649261296305,0.08133336341309286,-0.02255038048904689,0.024007176309028235,0.00923591673259214,-0.042900175682105496,-0.06658625782748351,0.001693979254704524,-0.06264511312956231,-0.08790382388921653,-0.03366670973247693,-0.007371720950521891,0.020522530901334605,-0.0056788265324265235,-0.04351834918377152,0.009951748898443583,0.1416475237586255,-0.12282692758800719,-0.04015596268736504,0.13845729189166506,-0.13210862914989446,0.09324049802449964,-0.034256401664597334,0.11162181135139244,0.1517620615567508,0.05368883537330812,-0.09359095815018346,-0.05826433388251142,0.139490533508542,0.0821305335023062,0.2236256211137049,0.03628170802869361,0.0027420117782978363,-0.10191989677917873,-0.0673440142205493,0.01521602287066479,0.10721842602420291,-0.14983416144652678,-0.03958160075973891,0.034881915219835344,-0.007963727029229546,0.061432654600476574,-0.09411065418836738,0.02501452367143743,0.043104067801461796,-0.04006303389986484,-0.14088221761318678,-0.07280195555653132,-0.06436327938695785,0.047196904604467044,0.02058018036088511,0.11180725803853904,0.14529485443796133,-0.02028576495609481,0.021531582619001486,-0.04667236806797777,0.02607644510287886,0.11273360378831628,0.0003438685910006836,-0.020043185913230312,0.012827531718738239,0.12193744798456466
PC9,0.0061783000794419255,0.06767156145900294,0.07683288222428714,-0.054608006332430174,-0.12555304584709956,0.07784909832481109,-0.026328694564410882,-0.011065755466213566,0.012916744025413943,0.04076415108904585,0.033021311734086525,0.08767220393218891,-0.06015738700605664,0.050370032225972645,0.03436746648284841,-0.04284288316194151,-0.08772831177309039,0.003201022763079959,-0.0002781681274260234,-0.059189110999267894,0.00921810645282583,-0.1005705983316228,-0.03408412998018109,0.04102056714027191,-0.009858652526661661,0.03989614449319252,-0.029318998903150675,0.00413812525126476,0.03711557480682597,0.03711622184290604,-0.10493146197617033,-0.0852955901977383,-0.07976163219585605,0.010293621207959796,0.022081446438100824,0.008719329405312384,-0.08580970329536956,-0.05568662635954809,0.05238683763413649,-0.05460985982615038,-0.01323899406175751,0.04565200754997705,0.02102793037582994,0.008601784230945554,0.028064083524012046,0.035056822011666884,-0.08527799772706265,0.01019225184503686,0.03641463613513311,-0.019913851658467308,0.040298518207459305,0.03166419780103281,0.016900942374638024,-0.004879770652634643,-0.014861128776409464,0.02636080865689984,0.08530307658066977,0.02272495272084395,-0.04081388201897933,-0.06431452683758508,-0.0646375229582749,0.063544094082566,-0.019520798684417563,0.03203816644401151,-0.0083550202931888,0.013734407234139812,0.04029847847239415,-0.059189666245989626,0.029403211662918944,0.058499734295613816,-0.0832959505245902,0.26104268393140917,0.040392275421263585,0.022380089159603586,0.11719336583750539,0.059692296284377264,0.011326070967982866,-0.14757724617069531,-0.16966889195480428,0.056483814515297645,-0.036321025953839015,-0.07018032290837868,-0.03816904784732137,-0.13669447917787794,-0.10173499711158537,0.03053791256431231,-0.04247824252952416,-0.08609812938028884,-0.01366571948066741,0.017905070709629763,0.008870491734592595,-0.08991980721871289,0.029942943430544912,0.2798718081392214,-0.10476123725594769,-0.03503010697269604,0.10206025691229957,-0.010469925567880066,0.05848401695480547,-0.028460183741697346,0.023381424425327417,-0.023815030689566762,-0.12876198350829057,0.11595545100341223,-0.021209117801053747,-0.11351431979032596,0.11359225049195008,-0.02576464732908508,-0.014518209208123153,-0.0360915615424922,0.22110924226692583,0.1089110696466886,0.004842364981390632,0.08454178989573706,-0.12110944364331881,-0.0040885032188889454,0.010098251497116231,0.031861222423877615,0.07506742181735072,-0.13947281621071234,-0.04748178706586424,0.05214474758415501,-0.1293753121093934,0.00901371577872995,0.237357451473433,0.10364342978536976,0.030370595139029774,-0.10910504034281567,-0.020759029467944952,0.1359834561315744,-0.03404403361170211,-0.137582376961684,0.028698121572301075,0.28210320261490474,0.21268240905206542,0.0008460501404694829,-0.12406091120665114,-0.030886101377067248,-0.008240244546482344,-0.012604002674798392,-0.01891254364835065,0.11723996324973211,-0.17723027851579126,0.019586343041455602,0.10250937025867479,0.056577696263195774,-0.03647573081411561
PC10,-0.02055149175631351,-0.11672853305958909,-0.036401507922849255,0.03692361551869107,0.023604969790757484,-0.049928534952872354,0.009187151049164009,-0.010214610044016538,-0.004789215922106565,0.01643144964754194,0.039352078159680684,-0.059005926746470885,0.02332711481563293,-0.022205334657561297,-0.04658559207015289,0.019615642102662232,0.0020605957627635534,0.0296053979306057,0.013868118977140614,0.021308274068714408,-0.0028367929983736497,0.010741117994178848,0.0015486186517888654,0.012514611086430635,-0.007642127032263639,0.013082754025373584,-0.005209241081188305,0.02770123610193869,0.0431308654833059,0.04313093884029532,-0.0663165069896439,0.021213700895352253,-0.013842443208801031,-0.05694573103703553,-0.0019282985048036572,-0.04757629929144719,0.023921735324384793,0.013715596483497999,-0.027009731334397893,0.03692257230481244,-0.03196277099576483,0.07208662755429217,-0.0010460828400769013,-0.06835799707592144,-0.07226787214111655,0.04375230733169924,0.08850237919503622,-0.04425098255430034,-0.025340700593634337,-0.07504402033855287,0.0419019027665611,-0.01509001560508751,-0.0022137650286036745,0.0474796238129662,0.01650197438515978,-0.020006377750905812,-0.08575264952205867,-0.013849172611941888,0.03186186979535013,-0.06878590141051386,0.011954923787250627,-0.023212229267989295,-0.0074306886719198665,0.009501032212193453,0.0013432787099203003,0.014995596946223199,0.04190199702342668,0.021309149468642766,-0.05712016654453346,-0.024127746494284136,0.08889750103446083,0.05688359321035701,-0.013372911496161707,-0.00630723772297456,-0.10038105807209315,0.004531162149359592,0.06284750895168713,0.04919682253667176,-0.10494763927044039,0.048112839048002544,0.011703950581248792,-0.008110847794184984,0.030717761689601834,-0.021387266595274332,-0.07831492332395391,-0.009882414147908388,0.02964783845424104,0.001420548198314831,0.009186283434310247,-0.012077624727650582,0.4545214272017184,-0.08628400966252307,-0.029485849519134185,0.10216637495548424,-0.07120370775860602,-0.02598081211675132,0.07768235727301458,0.011116013365636241,0.04154330139766282,-0.01096317241852778,-0.0016540448921160428,-0.06604503349584978,0.18398482360835108,-0.045456844186702525,-0.06864998199404908,-0.09703281339534191,0.05198912286712506,-0.026400233364161904,-0.0544278586882276,-0.08318382077644851,0.05823423566510793,-0.07344879497931468,-0.016270588760290725,-0.012903074010866671,0.010978042587185583,0.04730284202559824,-0.06673243512247459,0.00012151229276814489,-0.06497842564365551,0.018756531151820435,-0.0004569326429020167,0.048822708454843364,0.10800733150985356,0.45829452942421295,0.061940811108547815,0.07876448580669067,-0.042720957850080926,-0.06918174682269773,0.01022343053417756,-0.12524675931481788,0.03481882858670708,0.13464679177623054,-0.01637837800510565,0.09817498817323239,0.0282594883940151,-0.023908046611969984,0.09107545656101339,-0.06914171620902242,0.0001672407296810534,0.010867570844069415,0.44077215723299307,-0.051716779846429375,0.045568507840477834,-0.0065287009336125745,-0.1189706897871951,0.026320491687878565,4.693011057298339e-05
PC11,0.005056053453974708,0.23581010678417344,0.10383631786977907,-0.0196804004045512,0.0760081735784681,0.07462206409471897,-0.07644497293335288,-0.027812635104133194,0.048598773085170126,0.03100871504582603,-0.055685768107779844,0.10020914946091951,-0.09825932947912419,-0.0028595274274327933,0.021220685262097156,-0.04235688876085003,0.021138654909353644,-0.018985855869529476,-0.040249738979160066,-0.09731078473864671,0.031403342143677765,-0.08266545875545346,0.02534410796002505,-0.011656888245830591,0.0009783605623346792,-0.013254300072233894,0.01296997678150698,0.0006911079928470506,-0.0532814794565943,-0.0532809423601253,-0.01876196513893915,-0.10803425699585861,-0.05251818244745879,0.0028914140428510974,0.08527612264785815,-0.027319158595560288,-0.11943109640411355,-0.08375824980263959,0.0019419023530000141,-0.01968202139800278,-0.033777348719523474,-0.009789555226428536,-0.016319614347661365,-0.020874745304165505,0.17295863333428876,-0.02196854425888964,-0.16959747618492635,-0.04435162895764466,-0.020507869782282535,0.1405056078803808,-0.018774638708922584,-0.01872690064375892,-0.06958141470838554,0.01007469629827644,-0.04407082105241324,-0.058343259570259605,-0.014541577350539603,-0.010069186949288659,-0.011467708615235413,0.021819083017619496,0.04996751359584127,-0.03874954341195371,0.019049844683229906,-0.039328318958113194,0.06421656938075161,-0.027819743877384322,-0.01877481775924263,-0.09730803301852167,0.0319801457210562,-0.06350484756648897,-0.17340687510449135,-0.21368707615642385,0.03018821633351227,-0.07040034277381599,-0.03525000278441655,0.03259814889305904,-0.07813194379624747,-0.07406323947521841,-0.12288087816652726,-0.11592151999785304,-0.018778618298389504,-0.10777264830861218,0.02771912826841667,-0.12627079521329088,0.053750017349085064,0.006124431469342847,-0.05273893688913007,0.07110274626923196,0.03385380393754138,-0.06033272855704884,0.2084093095319724,0.048099491147333806,0.016725841718074022,-0.23078954432212537,0.05162421892524315,-0.04038113694068696,-0.04135265314715586,0.02635531802047938,-0.004524386600026651,0.10244949712089571,-0.07005206687561055,0.09062456594658075,-0.02155950262001914,0.052947127259194975,0.09261341347507303,-0.12688193973011389,-0.0371470116833976,0.1295732141925076,0.043595438650529374,0.08253860961833916,-0.05192913272397048,0.07217323254933859,0.11268947384310225,0.0326484262942509,-0.10031286259231806,-0.013296505329670175,-0.07219851256871258,-0.07376648131461726,0.11225020476374507,-0.07938620243523727,0.014964841067062508,0.08607192461553505,-0.0357060839645822,0.20813926216369225,-0.07610659319882065,-0.045264044164301166,0.08421842286885277,0.045178936266436355,0.044504619324908457,0.1619704888381202,-0.06069158861400252,-0.027203930406385825,-0.005905123005107729,-0.22884468315111003,-0.030847667020614297,0.008995852342436533,-0.11332838695685253,0.09153765292974654,-0.0076813878475326305,0.030697161483059007,0.221126772567359,-0.09172109852658777,-0.07582617106721946,-0.06585226072660504,0.12455213029801862,0.0024939765649127314,-0.14296263010143798
PC12,0.01220646801912138,0.05280096887245101,-0.07058735849296868,-0.007305366835811009,-0.04318861644792247,0.08739203605926331,0.05768902484024835,-0.038308438334654644,-0.06368492691238288,-0.010930769410632122,0.023563227115004623,-0.051167533128207,0.159604760780699,-0.008417583875916637,-0.08070460316243785,0.052769280767619636,-0.06623959257511815,0.016604503679123354,0.0735735783011424,0.025173018184305607,0.04210085186975505,0.148098042924804,-0.008522500474207089,0.06205532669484496,0.03158298271671915,0.061474989005657336,-0.013052210655580933,-0.005828407134242647,0.017739980027224073,0.01773990904049852,0.1462210486024066,0.08534987518683984,0.0069561156899131055,0.04581877154432823,-0.07761005740496375,0.1084962547790779,0.09064488720027074,0.027644115857551915,-0.021205783638815832,-0.007307310021690186,0.08301518899198186,0.10049832342746852,0.005124522864324206,0.06383418331307403,0.03550726080374673,0.06756521944556425,0.11811323862858925,0.10435699411165239,0.0639341387480872,0.05373814745061003,0.0661671977704509,0.01081732824079164,0.054379501903432145,-0.020601053747225023,0.056954119948222054,0.061271337173592996,0.12305611968284429,-0.0022689060163983543,-0.0019870702989278465,-0.05469355127454441,-0.029383731089653857,0.06301265920894218,4.3719831291068506e-05,0.0807705490060287,-0.07002646254415436,0.011941449768819175,0.0661673213950645,0.025171493520511772,-0.10944755584479271,0.05034696544265389,0.12884878097116784,-0.21011574743891603,0.03969379982227203,0.056108854724432056,0.21570217723897087,-0.012567506987315805,-0.005958583404723771,-0.19426443974102772,-0.0005091506895868806,0.12548734653675192,0.030996488942068114,-0.07904788393476148,-0.11002341774939131,-0.04239840409238561,-0.033633977432869805,0.03390846664719962,0.031262769078067014,-0.08193468912227686,-0.044787329298176165,0.09263586040387196,0.09394636516104973,-0.010760912430701128,0.009847994185943901,-0.19639042205184415,-0.0352771299429176,-0.08467597923523155,0.10358927934736996,-0.03623260913350745,0.06379540784324578,-0.14075521493927395,0.11457275584692472,-0.00011605217260463629,0.033569491637854144,0.07643128884149458,0.0026981223431739006,0.023213890164821116,0.027866678849503387,-0.1138959199857285,0.0686844909339644,0.009683741505112276,-0.13882233523641638,0.18361578451117458,-0.0670615097501565,0.058268848325538074,-0.02915506943736739,0.03296412291765513,0.14541182979909584,0.11884865239794001,0.041384516972273466,-0.05022624853319498,-0.1017275356204695,0.0002751960345544284,0.038414530845593,0.09270536978970366,-0.13632385609091757,0.10671736538428007,-0.0316972851741327,-0.034301267322073135,-0.056624112199990535,0.10051960295638052,0.08693232146177599,0.04460625914308237,0.009021477371146837,-0.1935507843950525,-0.10365499017782416,0.004003289115536721,-0.1512948065809028,-0.0035517906752070157,0.01774353666354182,-0.0406884895047423,0.08793915549594587,0.20248727918027978,-0.20681787191708803,0.10423053884882648,0.07899461877610077,0.04754212442675171,0.07424830358838692
PC13,-0.027833961074650106,-0.06278683160819422,-0.030140153946586076,-0.001880285730644055,0.15714394246430197,0.03130084682311866,-0.004742109078071154,0.043881195892170724,0.006038759568420739,-0.005963044675082571,0.0010543538346361552,-0.05708611902905152,-0.027850590651900205,-0.02309152013333233,0.07522464304771236,0.026953284910740092,0.04558968856719825,0.03897819005332546,0.005593684399096306,0.0686983168278951,0.01593062625885949,-0.09615739787483976,-0.00841343668023283,-0.020870624301789598,-0.04694453867146528,-0.018199395775885266,0.040018951247463824,0.005414783116746917,-0.001987114974192407,-0.001987662993216788,-0.015758039540946418,0.0018140633481558237,-0.1865892773669199,0.1199007230859494,0.0015509033470388757,0.006174067119862256,0.0004108021912809939,0.06427007816185373,-0.02358637926968013,-0.0018801925414786947,-0.04668326223943141,-0.1153283603033619,-0.041221523726122984,0.15385890264307106,-0.12781030433343343,0.09538997874678726,-0.17085600693177527,0.00039997676951187135,-9.674205850005077e-05,-0.1249854959059267,0.10322062100115083,-0.02601759936280236,0.09222889322723488,-0.14798098222670267,0.0075983819624442185,0.06723130571512971,0.13344304173557783,-0.021796629315060805,0.006629397258385927,0.010673920126846967,0.06020867128966234,-0.024903494924277028,-0.01604411454603969,-0.0013965632646358859,-0.006734453983997554,-0.008148873347706365,0.103220600474471,0.06869388018958214,0.09813824640853534,0.006879442898611048,-0.15839025832047576,0.10824065068752386,0.003489329452031848,0.08585132605198677,0.2268253534560686,0.1990778873915577,-0.10804435548579941,-0.005980547453077878,-0.10151764666227613,-0.025708361434903244,0.006102672312051534,0.16831980354810205,0.08204558978206243,0.13251662501985323,0.04937112515123664,-0.04098850317016232,0.07011453686762899,-0.05667500268910801,-0.009224653899711112,0.013482246350630727,0.10474116861594025,0.0720241527064373,0.17255895037082816,0.08323263923627217,0.04999508783555494,0.13093485611037625,-0.017246649292950722,-0.010982718230252136,0.03089167887195574,0.022636292669468636,-0.024971442140535156,0.1035248258832493,-0.0635873983381587,0.05269958577767108,0.09496563604799069,-0.10459582976763462,-0.05363283398916399,-0.03614992625762884,-0.10953720527407,0.11410652347822747,-0.1402554026694043,0.011817456186239856,-0.04981706183338813,-0.20506831529753156,0.1429515808147888,-0.0675543953364827,0.04224830159167922,-0.010428451091796576,-0.016251933244464816,0.0368807083071064,0.09086080675865756,-0.14722849264641427,-0.0722100555960505,0.10144853994338376,-0.14166359467811016,-0.017043212685203327,0.03966327142367902,0.04077611144233562,-0.010637672325265126,-0.01531355474771964,-0.101431804461759,-0.0713090183899643,-0.037130054039620594,0.08115556318757598,-0.16350301774099021,0.05818930651383731,0.0017072901333902307,0.10481182383614737,-0.006676905326735523,-0.010543688100741544,0.12407937731885336,0.19719634344492137,0.0032753409522238547,-0.00197857422105393,0.04685067058450313,-0.054644638225154224,0.1494825342581994
PC14,-0.02560091933703693,0.18333801794040316,-0.0077352975879929915,0.06235246274510224,0.12997566680791162,0.033709279903031644,-0.0026170709133818896,-0.03299421070337724,0.014157329119097579,-0.008563146973835279,-0.03784499252185649,0.0017146053654542664,0.11067917754017642,-0.06002833133323869,-0.1805597373815204,0.01847072658276112,0.038865432737197135,0.0027606203376310174,-0.0138767937421389,0.01690359756975402,0.004972604168102842,0.1916208935419548,0.02659694146708634,0.000426037375992414,0.10714342636419327,0.0010427865382582639,0.007583871229789599,0.014668034918565985,-0.04585698319567674,-0.045857063293701324,0.15772871263758947,0.07194224361977627,0.08647262113962169,0.02578700224666863,0.037699558257173874,0.051416377829982374,0.05572476181789081,0.03205706607731167,-0.07990521987135608,0.06235140883786908,-0.020032357007070532,0.10997241703326088,-0.003222976916474086,0.013649405750876302,0.17956505263020414,-0.006134212521117113,0.09171223238665263,0.04108800155374404,-0.038097676255463946,0.2710080169147492,-0.01061385852028773,-0.009434450953456627,-0.1078120279518157,0.10527110488569763,-0.012385629732912832,-0.09805855091378923,0.009101217968666567,-0.0036173987677534836,0.06318673095017524,-0.01383483813400528,0.052905839330178714,-0.08387575684252059,0.009146867463789433,0.0022237385863498847,0.037919595028111194,-0.0002728317919982213,-0.010613768594546111,0.016909086725128385,-0.20423550078304573,-0.11426672702877469,0.10032193417889292,0.2517715710212926,0.0036830430141148295,-0.11410631256730816,-0.013491789655075376,-0.05673207782391771,-0.0214711384726383,-0.022258879606606642,-0.0032441652104034037,-0.02173135188454879,0.06916716016414415,0.18711639673894842,0.007051865391613382,-0.04403533591225118,0.12412859953449402,0.03576276391803512,0.03968780490921603,-0.012936489662619904,-0.03969862487432397,-0.0767199722299394,0.024150039398030308,0.10983028002197634,-0.041013485414575016,0.2516156936907403,0.12466811492227245,0.1494956294134428,0.01378926738479906,-0.04317628848337092,-0.00933565655273064,-0.042962071369109414,-0.04419282242268306,0.0378846788075258,-0.041181908386579716,-0.02458998956179598,0.03542894049169769,0.002436558480354145,-0.10531424093950033,0.02384195782422777,-0.16259858401488975,0.06517842932217943,-0.011420174771263081,0.07850389296880823,0.07906728964423905,-0.18729152090854087,0.020853494312206924,0.07321784543746196,-0.053222780348873185,-0.051963042283684674,-0.009984504782859893,-0.058583613318606065,-0.051596513542115405,0.09622251954194593,-0.03336489915207095,0.018021882726921724,-0.053938728123607574,0.014683226751785204,0.010470540465677417,0.1232332358155627,-0.033149438560368935,0.0895175861087158,0.11857386226380864,-0.03928440528062725,-0.020666377735807248,0.24920827599877957,-0.09748856696589266,-0.0019167477921460203,-0.07441127679532135,0.04498542985209674,0.0561335347422499,-0.040837219328269024,-0.00011030141911580607,-0.025645311156454416,-0.08101812673665264,-0.07428685200378793,0.04243743724190552,0.021207571537244847,-0.02052899521011438
PC15,-0.06514127104620562,-0.03220605734636306,0.05340402750030378,-0.032001979239548534,0.04534669020942765,0.05715922807015035,0.09928684558559826,0.03370131556878958,-0.013806050136846538,-0.043804256229630356,0.06273684349208028,0.09613233940192244,-0.024984726445138643,0.09906700192284089,0.20536224321064905,0.08257567706688668,0.029763698019528675,-0.008126189951263565,0.10234227479455982,0.07365460716826254,0.08348526503645358,-0.19235911210508594,-0.031663469944598344,-0.004685390778580083,0.019915453405217408,-0.0053559109419843475,-0.013864139962006621,0.017191988046478725,0.0677776486649308,0.06777823888053917,-0.057929624271816964,0.03675649821091612,0.04456710698201159,-0.10957816616452531,-0.10500199276221098,-0.006235184886233328,0.03887711627137923,0.06730929062541997,0.11294904919463773,-0.03200080223732319,0.07986635456429787,-0.02310058223477915,0.011809636522427759,-0.1037508621354997,0.25320511547020746,-0.03324656902638819,-0.03396169431618072,-0.011193626433970887,-0.028543715662775197,0.25641388756090516,-0.0348317788343473,0.03670545724017443,0.025444291765376846,0.011671305078170074,0.05472849802272316,0.0292077125063444,0.04462906432864348,0.036049253783702,-0.03425403104105572,0.01959890623436511,0.017087182750547235,-0.057603712058310524,-0.045424970787581766,0.005735083382567817,-0.10689315487768712,0.005557326002709924,-0.03483168334585029,0.07365563207094351,0.2023681000481267,-0.07697727190270029,-0.050295428552140746,0.015539681949267815,-0.010286144117238494,0.01734358101336358,-0.05108181274577492,-0.1261835739022776,-0.01952944035790294,0.08019244164114092,-0.08293501758559994,0.13520093955437998,0.06614847839240187,0.0161869759968191,-0.07565286126575776,-0.03499269601562743,-0.013127475264902053,-0.009756503934542174,0.03783790587718837,-0.07127812223703861,0.07888111546551299,0.11057673428165164,-0.004235525951631818,-0.010499791539105609,-0.04826445318529301,0.008880055770711165,-0.011182506618910225,0.0013926964669669206,0.19868477691872638,0.08351950661838821,0.16280462033679133,0.029400933277079117,0.15956069846216983,0.0024813956217565945,-0.1064757858265527,-0.08253543087676943,-0.0009747169804815675,-0.06267069833073413,-0.025952965117773265,0.0744642743522066,-0.09619909508240022,0.005239417777986914,-0.1219286041992197,-0.039225021658082566,0.1472579147202558,-0.10973217946273073,-0.011434970245668379,0.10486232307151634,-0.029682096026268687,0.14692566188034017,0.0015274487547688265,0.07842376717466785,-0.06844477092252732,0.02625354315652619,-0.09107946895357559,-0.005120475422768743,-0.14004196567388094,0.198424817332324,-0.08732790287759332,-0.014841324814599259,0.07616322861841211,-0.12975740509117575,-0.08954676644681642,-0.10419133183018016,0.056631284593814876,0.011602091311932789,-0.14291508905046335,-0.08960201014893297,0.016910377574053656,0.004995163847839873,-0.08191279617240622,0.08195920278744041,-0.027031953110590586,-0.05168551950499325,0.01734718686075185,0.12463922743425261,-0.16105891436101183,0.10325088617409543,-0.03693373137411164
PC16,0.049522858300584956,0.028871649332933465,0.09582500144412794,-0.01678885577972523,0.023565051297748076,-0.017454757128621736,-0.027939237582742135,-0.09933158991812353,0.018472761902187843,0.05139793566066257,-0.029414937316298156,0.0995264922583201,0.056395170047898874,0.0864104931712885,-0.001990061958531315,-0.013516387915650003,-0.08075435026517662,-0.032110217472424096,0.005159222881020488,0.0005104926853040793,0.02350262397437793,0.054341128790928346,0.02036620394967083,-0.01220196344863678,0.04060624069035319,-0.009430512609394377,-0.030244114725938107,-0.04029963893172796,-0.03818118817696236,-0.03818192329185816,0.17661014683641085,-0.060182291561906485,0.058479020891341243,0.040804688205658045,-0.06853361580486639,0.03291532043477662,-0.05221457210642663,-0.0015973503924613902,0.08692819955976937,-0.016785855630492345,0.02206770271886445,-0.12026709060149357,0.041984349494384884,0.047116031585369936,0.06671444186457091,-0.08861407076391895,0.2655503482451957,0.02654263928405455,0.019737024307861523,0.04501036925734028,-0.09354365636726404,0.02384176433053866,-0.05888072414191858,-0.11361285839205895,0.0024336474813988684,-0.04760233694534529,-0.016940828669965508,0.015388068317868694,-0.02679316961372839,-0.01974583819610372,-0.04891597030147755,0.010584948714597179,0.04793507759244806,0.020489447335838906,-0.03582618636881573,-0.012931335807954561,-0.09354360765987703,0.0005164235238634276,0.00712737831850482,-0.01810436924312231,0.2581416442016228,0.038210048406767345,0.02125197363377502,-0.05647325422237506,-0.021635627741468294,0.3564666368346638,-0.09912709879030351,0.10113104863715361,-0.07332082520861714,0.01784537363720537,-0.04477022072769188,0.0499827013661825,-0.06186003735010512,0.035066638280542864,-0.0583108980923414,-0.03609842749160087,-0.06997934911408486,0.07112327916441756,0.03464433446296794,0.07030087997337968,0.04219394037018209,-0.051237297587203544,0.40100685177270257,-0.004026539746040286,-0.06016875414129354,0.08731980078500505,-0.042775217767716554,0.03983023364354388,0.010091504862478883,0.055495420930947996,0.047349360073872665,0.07184530207435087,-0.08800093787622569,-0.05893401423704502,0.07812534890246604,-0.08687290464510417,0.03977148043424322,0.08206506249902633,0.1647151692582791,0.056400030566649335,0.05644371810750753,-0.039881990202392234,0.08254201491005304,0.07794094190846351,0.030173625568707455,-0.06498398038485133,0.017078782596160046,0.06008478856974813,0.06989245360710049,0.13151725718266874,-0.0417423100950145,-0.1641891545074682,-0.08730930080214307,0.03267964615993482,0.03575069996255233,-0.04367068500245818,-0.027529729844297503,-0.06150281864283366,0.02837162382719384,-0.05106709667329858,0.2629414732204855,-0.09154965851708564,0.09573676631307407,0.0025078443142526794,0.056790523821500793,0.00815893498712565,0.04222007923795291,0.06513925508313079,-0.04684246490729508,0.03696568452071556,0.06554241555645102,-0.026820522356570998,0.08409203211225615,0.0682166503828462,-0.02586933863354481,-0.03292291728659037,-0.031101263228979964
