,sex,age
sub-001,F,60
sub-002,M,67
sub-003,F,44
sub-004,F,24
sub-005,F,48
sub-006,F,57
sub-007,F,24
sub-008,M,39
sub-010,F,23
sub-011,F,50
sub-012,M,33
sub-013,F,49
sub-014,M,64
sub-015,F,61
sub-016,M,32
sub-017,M,50
sub-018,F,20
sub-019,F,42
sub-020,M,68
sub-021,F,23
sub-022,M,60
sub-023,F,31
sub-024,F,47
sub-025,F,26
sub-026,F,59
sub-027,F,51
sub-028,M,48
sub-029,F,36
sub-030,F,62
sub-031,F,26
sub-032,F,20
sub-033,M,32
sub-034,M,41
sub-035,M,36
sub-036,F,53
sub-037,M,30
sub-038,M,49
sub-039,M,55
sub-040,M,48
sub-041,M,53
sub-042,F,22
sub-043,M,40
sub-044,F,27
sub-045,F,47
sub-046,F,49
sub-047,M,67
sub-048,M,53
sub-049,F,67
sub-050,F,59
sub-051,F,58
sub-052,F,59
sub-053,F,42
sub-054,M,31
sub-055,M,50
sub-056,F,52
sub-057,F,67
sub-058,F,62
sub-059,M,60
sub-060,F,51
sub-061,M,46
sub-062,M,31
sub-063,M,27
sub-064,M,51
sub-065,F,50
sub-066,F,33
sub-067,F,20
sub-068,M,42
sub-070,M,70
sub-071,F,64
sub-072,F,33
sub-073,F,35
sub-074,F,56
sub-075,F,56
sub-076,M,56
sub-077,M,64
sub-078,F,50
sub-079,F,33
sub-080,F,64
sub-081,M,48
sub-082,F,26
sub-083,F,62
sub-084,F,28
sub-085,F,22
sub-086,F,31
sub-087,F,51
sub-088,F,40
sub-089,M,31
sub-090,F,60
sub-091,M,27
sub-092,F,40
sub-093,F,54
sub-094,F,51
sub-095,F,54
sub-096,F,27
sub-097,F,53
sub-098,F,59
sub-099,F,20
sub-100,M,65
sub-101,F,49
sub-102,F,28
sub-103,M,23
sub-104,M,63
sub-105,F,22
sub-106,F,66
sub-107,M,35
sub-108,F,57
sub-109,F,44
sub-110,M,26
sub-111,M,67
sub-112,F,70
sub-113,M,40
sub-114,M,27
sub-115,F,59
sub-116,F,37
sub-117,M,59
sub-118,F,30
sub-119,F,54
sub-120,M,70
sub-121,F,21
sub-123,F,50
sub-124,M,62
sub-125,M,70
sub-126,F,70
sub-127,F,45
sub-128,M,30
sub-129,F,40
sub-130,M,25
sub-131,F,65
sub-132,M,56
sub-133,F,68
sub-134,F,24
sub-135,M,53
sub-136,F,24
sub-137,M,35
sub-138,F,50
sub-139,M,67
sub-140,F,46
sub-141,F,61
sub-142,F,23
sub-143,M,29
sub-144,F,25
sub-145,M,60
sub-146,F,33
sub-147,M,40
sub-148,F,25
sub-149,F,21
sub-150,F,40
sub-151,M,53
sub-152,M,54
sub-153,F,29
sub-154,M,51
sub-155,M,62
sub-156,M,21
sub-157,F,57
sub-158,F,35
sub-159,F,29
sub-160,M,57
sub-161,F,34
sub-162,M,53
sub-163,F,20
sub-164,F,67
sub-165,F,49
sub-166,M,57
sub-167,M,60
sub-168,F,50
sub-169,F,63
sub-170,F,59
sub-171,F,59
sub-172,F,31
sub-173,F,33
sub-174,M,34
sub-175,F,25
sub-176,F,62
sub-177,F,45
sub-178,F,30
sub-179,F,21
sub-180,F,33
sub-181,M,37
sub-182,F,63
sub-183,F,53
sub-184,F,29
sub-185,M,31
sub-186,F,61
sub-187,F,20
sub-188,F,43
sub-189,F,24
sub-190,M,48
sub-191,F,59
sub-192,F,26
sub-193,F,31
sub-194,F,46
sub-195,F,60
sub-196,F,47
sub-197,M,57
sub-198,F,48
sub-199,F,31
sub-200,F,50
sub-201,F,37
sub-202,M,26
sub-203,F,67
sub-204,F,23
sub-205,F,65
sub-206,M,33
sub-207,F,53
sub-208,M,23
sub-209,F,20
sub-210,M,42
sub-211,F,58
sub-212,F,45
sub-213,M,66
sub-214,M,44
sub-215,M,56
sub-216,M,39
sub-217,F,36
sub-218,F,21
sub-219,M,20
sub-220,M,50
sub-221,F,24
sub-222,M,33
sub-223,F,26
sub-224,M,22
sub-225,F,43
sub-226,F,56
sub-227,M,58
sub-228,F,58
sub-229,F,46
sub-231,M,40
sub-232,F,38
sub-233,F,29
sub-234,F,68
sub-235,F,27
sub-236,F,57
sub-237,M,26
sub-238,F,35
sub-239,F,42
sub-240,F,34
sub-241,F,61
sub-242,M,59
sub-243,F,27
sub-244,F,65
sub-245,F,56
sub-246,F,64
sub-247,F,41
sub-248,F,26
sub-249,F,53
sub-250,F,54
sub-251,F,51
sub-252,F,51
sub-253,M,29
sub-254,M,52
sub-255,M,30
sub-256,F,45
sub-257,F,49
sub-258,M,33
sub-259,F,46
sub-260,F,32
sub-261,F,29
sub-262,M,50
sub-263,F,41
sub-264,F,26
sub-265,M,62
sub-266,F,44
sub-267,M,26
sub-269,M,52
sub-270,M,47
sub-271,M,66
sub-272,F,39
sub-273,F,26
sub-274,F,26
sub-275,F,22
sub-276,F,58
sub-277,F,32
sub-278,M,26
sub-279,F,40
sub-280,M,50
sub-281,M,31
sub-282,F,52
sub-283,F,64
sub-284,F,34
sub-285,M,46
sub-286,F,54
sub-287,M,68
sub-288,F,57
sub-289,M,24
sub-290,M,29
sub-291,F,50
sub-292,F,57
sub-293,M,35
sub-294,F,48
sub-295,F,65
sub-296,F,30
sub-297,M,38
sub-298,M,49
sub-299,M,35
sub-300,F,45
sub-301,M,40
sub-302,F,50
sub-303,F,30
sub-304,F,50
sub-305,M,42
sub-306,F,54
sub-307,M,37
sub-308,M,25
sub-309,M,60
sub-310,F,52
sub-311,F,46
sub-312,F,65
sub-313,F,51
sub-314,F,30
sub-315,F,57
sub-316,M,62
sub-317,F,70
sub-318,F,67
sub-319,M,49
sub-320,F,62
sub-321,F,51
sub-322,F,41
sub-323,M,56
sub-324,M,27
sub-325,M,24
sub-326,F,43
sub-327,M,31
sub-328,F,48
sub-329,M,68
sub-330,F,29
sub-331,F,64
sub-332,F,27
sub-333,M,39
sub-334,F,58
sub-335,M,40
sub-336,M,39
sub-337,M,30
sub-338,M,30
sub-339,F,65
sub-340,F,52
sub-341,M,51
sub-342,M,26
sub-343,F,29
sub-344,M,51
sub-345,F,27
sub-346,M,60
sub-347,M,29
sub-348,F,32
sub-349,F,65
sub-350,F,36
sub-351,F,47
sub-352,F,28
sub-353,F,24
sub-354,F,25
sub-355,F,56
sub-356,M,49
sub-357,F,49
sub-358,F,23
sub-359,F,70
sub-360,M,54
sub-361,M,36
sub-362,M,25
sub-363,F,23
sub-364,M,34
sub-365,M,33
sub-366,F,50
sub-367,F,24
sub-368,F,60
sub-369,F,26
sub-370,F,66
sub-371,M,23
sub-372,M,57
sub-373,F,32
sub-374,F,27
sub-375,F,46
sub-376,M,60
sub-377,F,47
sub-378,M,37
sub-379,F,56
sub-380,F,55
sub-381,M,27
sub-382,M,64
sub-383,F,48
sub-384,M,55
sub-385,F,41
sub-386,M,60
sub-387,F,20
sub-388,F,22
sub-389,M,67
sub-390,F,36
sub-391,M,49
sub-392,M,26
sub-393,M,59
sub-394,F,49
sub-395,M,45
sub-396,F,43
sub-397,F,25
sub-398,M,53
sub-399,M,55
sub-400,F,46
sub-401,M,56
sub-402,F,50
sub-403,F,60
sub-404,F,47
sub-405,F,52
sub-406,F,58
sub-407,F,20
sub-408,F,23
sub-409,M,37
sub-410,M,37
sub-411,F,32
sub-412,M,68
sub-413,M,35
sub-414,F,54
sub-416,F,28
sub-417,F,25
sub-418,F,46
sub-419,F,52
sub-421,F,37
sub-422,F,25
sub-423,F,51
sub-424,M,25
sub-425,F,49
sub-426,M,30
sub-427,F,22
sub-428,F,55
sub-429,F,24
sub-430,F,48
sub-431,F,23
sub-432,M,29
sub-433,F,67
sub-434,F,36
sub-435,F,35
sub-436,F,26
sub-437,M,31
sub-438,M,70
sub-439,M,23
sub-440,M,35
sub-441,F,27
sub-442,F,63
sub-443,F,27
sub-444,M,42
sub-445,M,46
sub-446,F,20
sub-447,F,61
sub-448,F,58
sub-449,M,23
sub-450,F,47
sub-451,F,27
sub-452,M,41
sub-453,M,34
sub-454,M,69
sub-455,F,63
sub-456,F,21
sub-457,M,42
sub-458,M,31
sub-459,F,32
sub-460,M,60
sub-461,F,41
sub-462,M,58
sub-463,F,37
sub-464,F,50
sub-465,F,48
sub-466,M,59
sub-467,F,33
sub-468,F,54
sub-469,F,32
sub-470,M,70
sub-471,M,29
sub-472,M,37
sub-473,M,62
sub-474,M,29
sub-475,M,47
sub-476,F,52
sub-477,F,43
sub-478,F,42
sub-479,F,39
sub-480,F,57
sub-481,F,70
sub-482,F,32
sub-483,M,30
sub-484,F,53
sub-485,F,36
sub-486,M,69
sub-487,M,55
sub-488,F,25
sub-489,F,58
sub-490,M,56
sub-491,F,51
sub-492,F,29
sub-493,F,24
sub-494,M,59
sub-495,F,36
sub-496,F,33
sub-497,M,29
sub-498,F,56
sub-499,F,58
sub-500,M,32
sub-501,F,49
sub-502,F,38
sub-503,F,48
sub-504,F,40
sub-505,F,62
sub-506,M,30
sub-507,F,57
sub-508,F,54
sub-509,M,69
sub-510,F,52
sub-511,M,66
sub-512,F,40
sub-513,F,58
sub-514,F,48
sub-515,F,26
sub-516,M,30
sub-517,M,66
sub-518,M,48
sub-520,M,70
sub-521,M,36
sub-522,F,24
sub-523,F,62
sub-524,M,47
sub-525,F,44
sub-526,M,28
sub-527,M,52
sub-528,M,56
sub-529,M,20
sub-530,F,26
sub-531,F,45
sub-532,F,30
sub-533,F,36
sub-534,M,43
sub-535,F,31
sub-536,F,24
sub-537,M,61
sub-538,F,48
sub-539,F,27
sub-540,F,32
sub-541,F,45
sub-542,F,25
sub-543,M,57
sub-544,F,32
sub-545,M,47
sub-546,F,53
sub-547,F,53
sub-548,M,46
sub-549,M,53
sub-550,M,63
sub-551,F,62
sub-552,F,53
sub-553,F,23
sub-554,F,29
sub-555,F,70
sub-556,M,60
sub-557,M,64
sub-558,M,70
sub-559,M,61
sub-560,F,27
sub-561,F,51
sub-562,M,31
sub-563,M,70
sub-564,F,49
sub-565,F,28
sub-566,M,64
sub-567,F,52
sub-568,F,54
sub-569,F,26
sub-570,M,49
sub-571,M,61
sub-572,F,49
sub-573,F,30
sub-574,F,40
sub-575,M,38
sub-576,M,54
sub-577,F,51
sub-578,M,24
sub-579,F,24
sub-580,F,20
sub-581,M,37
sub-582,F,58
sub-583,M,64
sub-584,F,28
sub-585,M,50
sub-586,M,41
sub-587,M,69
sub-588,F,40
sub-589,F,31
sub-590,M,28
sub-591,F,49
sub-592,M,68
sub-593,F,26
sub-594,F,24
sub-595,M,65
sub-596,F,45
sub-597,F,31
sub-598,M,33
sub-599,F,67
sub-600,F,35
sub-601,F,37
sub-602,F,63
sub-603,M,55
sub-604,M,29
sub-605,M,51
sub-606,F,61
sub-607,M,66
sub-608,F,25
